<?xml version="1.0" encoding="UTF-8"?>
<population ville="Ndakarou" date="2020">
    <tranche age="0" nbFemmes="500" nbHommes="600"/>
    <tranche age="1" nbFemmes="501" nbHommes="601"/>
    <tranche age="2" nbFemmes="502" nbHommes="602"/>
    <tranche age="3" nbFemmes="503" nbHommes="603"/>
    <tranche age="4" nbFemmes="504" nbHommes="604"/>
    <tranche age="5" nbFemmes="505" nbHommes="605"/>
    <tranche age="6" nbFemmes="506" nbHommes="606"/>
    <tranche age="7" nbFemmes="507" nbHommes="607"/>
    <tranche age="8" nbFemmes="508" nbHommes="608"/>
    <tranche age="9" nbFemmes="509" nbHommes="609"/>
    <tranche age="10" nbFemmes="510" nbHommes="610"/>
    <tranche age="11" nbFemmes="511" nbHommes="611"/>
    <tranche age="12" nbFemmes="512" nbHommes="612"/>
    <tranche age="13" nbFemmes="513" nbHommes="613"/>
    <tranche age="14" nbFemmes="514" nbHommes="614"/>
    <tranche age="15" nbFemmes="515" nbHommes="615"/>
    <tranche age="16" nbFemmes="516" nbHommes="616"/>
    <tranche age="17" nbFemmes="517" nbHommes="617"/>
    <tranche age="18" nbFemmes="518" nbHommes="618"/>
    <tranche age="19" nbFemmes="519" nbHommes="619"/>
    <tranche age="20" nbFemmes="520" nbHommes="620"/>
    <tranche age="21" nbFemmes="521" nbHommes="621"/>
    <tranche age="22" nbFemmes="522" nbHommes="622"/>
    <tranche age="23" nbFemmes="523" nbHommes="623"/>
    <tranche age="24" nbFemmes="524" nbHommes="624"/>
    <tranche age="25" nbFemmes="525" nbHommes="625"/>
    <tranche age="26" nbFemmes="526" nbHommes="626"/>
    <tranche age="27" nbFemmes="527" nbHommes="627"/>
    <tranche age="28" nbFemmes="528" nbHommes="628"/>
    <tranche age="29" nbFemmes="529" nbHommes="629"/>
    <tranche age="30" nbFemmes="530" nbHommes="630"/>
    <tranche age="31" nbFemmes="531" nbHommes="631"/>
    <tranche age="32" nbFemmes="532" nbHommes="632"/>
    <tranche age="33" nbFemmes="533" nbHommes="633"/>
    <tranche age="34" nbFemmes="534" nbHommes="634"/>
    <tranche age="35" nbFemmes="535" nbHommes="635"/>
    <tranche age="36" nbFemmes="536" nbHommes="636"/>
    <tranche age="37" nbFemmes="537" nbHommes="637"/>
    <tranche age="38" nbFemmes="538" nbHommes="638"/>
    <tranche age="39" nbFemmes="539" nbHommes="639"/>
    <tranche age="40" nbFemmes="540" nbHommes="640"/>
    <tranche age="41" nbFemmes="541" nbHommes="641"/>
    <tranche age="42" nbFemmes="542" nbHommes="642"/>
    <tranche age="43" nbFemmes="543" nbHommes="643"/>
    <tranche age="44" nbFemmes="544" nbHommes="644"/>
    <tranche age="45" nbFemmes="545" nbHommes="645"/>
    <tranche age="46" nbFemmes="546" nbHommes="646"/>
    <tranche age="47" nbFemmes="547" nbHommes="647"/>
    <tranche age="48" nbFemmes="548" nbHommes="648"/>
    <tranche age="49" nbFemmes="549" nbHommes="649"/>
    <tranche age="50" nbFemmes="550" nbHommes="650"/>
    <tranche age="51" nbFemmes="551" nbHommes="651"/>
    <tranche age="52" nbFemmes="552" nbHommes="652"/>
    <tranche age="53" nbFemmes="553" nbHommes="653"/>
    <tranche age="54" nbFemmes="554" nbHommes="654"/>
    <tranche age="55" nbFemmes="555" nbHommes="655"/>
    <tranche age="56" nbFemmes="556" nbHommes="656"/>
    <tranche age="57" nbFemmes="557" nbHommes="657"/>
    <tranche age="58" nbFemmes="558" nbHommes="658"/>
    <tranche age="59" nbFemmes="559" nbHommes="659"/>
    <tranche age="60" nbFemmes="560" nbHommes="660"/>
    <tranche age="61" nbFemmes="561" nbHommes="661"/>
    <tranche age="62" nbFemmes="562" nbHommes="662"/>
    <tranche age="63" nbFemmes="563" nbHommes="663"/>
    <tranche age="64" nbFemmes="564" nbHommes="664"/>
    <tranche age="65" nbFemmes="565" nbHommes="665"/>
    <tranche age="66" nbFemmes="566" nbHommes="666"/>
    <tranche age="67" nbFemmes="567" nbHommes="667"/>
    <tranche age="68" nbFemmes="568" nbHommes="668"/>
    <tranche age="69" nbFemmes="569" nbHommes="669"/>
    <tranche age="70" nbFemmes="570" nbHommes="670"/>
    <tranche age="71" nbFemmes="571" nbHommes="671"/>
    <tranche age="72" nbFemmes="572" nbHommes="672"/>
    <tranche age="73" nbFemmes="573" nbHommes="673"/>
    <tranche age="74" nbFemmes="574" nbHommes="674"/>
    <tranche age="75" nbFemmes="575" nbHommes="675"/>
    <tranche age="76" nbFemmes="576" nbHommes="676"/>
    <tranche age="77" nbFemmes="577" nbHommes="677"/>
    <tranche age="78" nbFemmes="578" nbHommes="678"/>
    <tranche age="79" nbFemmes="579" nbHommes="679"/>
    <tranche age="80" nbFemmes="580" nbHommes="680"/>
    <tranche age="81" nbFemmes="581" nbHommes="681"/>
    <tranche age="82" nbFemmes="582" nbHommes="682"/>
    <tranche age="83" nbFemmes="583" nbHommes="683"/>
    <tranche age="84" nbFemmes="584" nbHommeus="684"/>
    <tranche age="85" nbFemmes="585" nbHommes="685"/>
    <tranche age="86" nbFemmes="586" nbHommes="686"/>
    <tranche age="87" nbFemmes="587" nbHommes="687"/>
    <tranche age="88" nbFemmes="588" nbHommes="688"/>
    <tranche age="89" nbFemmes="589" nbHommes="689"/>
    <tranche age="90" nbFemmes="590" nbHommes="690"/>
    <tranche age="91" nbFemmes="591" nbHommes="691"/>
    <tranche age="92" nbFemmes="592" nbHommes="692"/>
    <tranche age="93" nbFemmes="593" nbHommes="693"/>
    <tranche age="94" nbFemmes="594" nbHommes="694"/>
    <tranche age="95" nbFemmes="595" nbHommes="695"/>
    <tranche age="96" nbFemmes="596" nbHommes="696"/>
    <tranche age="97" nbFemmes="597" nbHommes="697"/>
    <tranche age="98" nbFemmes="598" nbHommes="698"/>
    <tranche age="99" nbFemmes="599" nbHommes="699"/>
    <tranche age="100" nbFemmes="600" nbHommes="700"/>
</population>
